index_label,Creatinine (umol/L),Potassium (mmol/L),Sodium (mmol/L),Alkaline Phosphatase (total) (U/L),Calcium (mmol/L),Phosphate (mmol/l),Albumin (g/L),Urea (mmol/L),Protein (total) (g/L),Basophil (%),Monocyte (%),Eosinophil (absolute) (x10^9/L),Lymphocyte (absolute) (x10^9/L),Basophil (absolute) (x10^9/L),Monocyte (absolute) (x10^9/L),Platelet (x10^9/L),MCV (fL),MCH (pg),MCHC (g/dL),Haemoglobin (blood) (g/dL),WBC (x10^9/L),RDW (%),Neutrophil (absolute) (x10^9/L),age,gender
0,0.3472777320732504,0.6940971772672497,0.7651611204557395,0.6698908037913107,0.8764288751258684,0.6545075973187398,0.42191509108639846,0.2501891055356744,0.4134961315419289,0.5896690951891009,0.1959784797069768,0.9064089624659459,0.9269520731240354,0.737797802077303,0.8888281540735876,0.8435577894785828,0.8007317313434529,0.8725269587840309,0.15140863016195494,0.6410498758381692,0.11631005201681677,0.23186095408302,0.7020263614761797,88,Male
